epoch,train_loss,train_accuracy,train_macro_f1,val_loss,val_accuracy,val_macro_f1
1,0.627112164179484,0.7735555555555556,0.7715808885132507,0.3886268804868062,0.8628333333333333,0.861352081786379
2,0.38713670824192187,0.8606851851851852,0.8595583983542309,0.3299424298206965,0.8795,0.878825058013313
3,0.34523831441667346,0.878462962962963,0.8777746530343119,0.3067053529024124,0.8896666666666667,0.8880214370402216
4,0.3160097590905649,0.8882592592592593,0.887586943414723,0.2853489213784536,0.8995,0.9002453645050184
5,0.29458764269616866,0.8946111111111111,0.8941072724920776,0.27508755870660145,0.9023333333333333,0.90207883665658
6,0.27982421465714774,0.9003333333333333,0.8998472271334647,0.2727348575989405,0.898,0.8980565300485749
7,0.26516082108903816,0.9061851851851852,0.905799746067774,0.2666291268666585,0.9046666666666666,0.9048488552812692
8,0.2542525268704803,0.9093333333333333,0.9089405744909719,0.26224210528532665,0.904,0.90196716842861
9,0.24442206215858459,0.9111851851851852,0.9108673470046966,0.2512568984826406,0.9083333333333333,0.9075188217309316
10,0.2329639009281441,0.9144074074074074,0.9141096401108243,0.24650226279099782,0.9123333333333333,0.9106829640569061
11,0.22477282425209327,0.9180925925925926,0.9178007405709557,0.260865593234698,0.903,0.9038092157514918
12,0.2176952230444661,0.9212407407407407,0.9209200115823973,0.25792175928751626,0.9076666666666666,0.9068396416666831
13,0.20822446629294641,0.9243703703703704,0.9241541082976552,0.23600983893871308,0.9153333333333333,0.9155438850531935
14,0.20377923874060314,0.926037037037037,0.9257812066611658,0.24326606086889901,0.9126666666666666,0.9131389988005676
15,0.19429187681939866,0.9288703703703703,0.9286387406606773,0.23540017346541087,0.915,0.9146880990975681
16,0.19478953491316903,0.9286111111111112,0.9284239746659033,0.2342213996251424,0.9171666666666667,0.915844461514076
